{
  "material": {
    "E": 210000000000.0,
    "I": 5e-06,
    "EI": 1050000.0,
    "delta_EI": 10500.0
  },
  "adjoint_total": 4.033612100868881e-05,
  "fd_forward": 1.8057142860952591e-07,
  "fd_backward": 0.00018814742857135313,
  "fd_central": 9.416399999998133e-05,
  "total_delta_M": 6.391483999999835
}